Route_no,Depots,BusCount
1,,
1E,8,2
AS-1,"21,4,33",3
BVK-1,26,2
ELC-FDR-1,32,2
FDR-1,33,3
HAL-FDR-1,,
K-1,"4,6,8,26",10
KBS-1I,"6 , 39, 41",30
KBS-1K,,
MF-1,,
NLMF-1,,
SBS-1K,,
VSP-FDR-1,,
2,,
2A,,
2D,,
2E,,
FDR-2,,
G-2,,
G-2A,,
K-2,,
MBS-2,,
PK-2,,
TR-2,,
3B,,
3E,,
BC-3A,,
BIGBLUE-3,,
CHAKRA-3,,
CHAKRA-3A,,
CS-3,,
CS-3B,,
CS-3C,,
G-3,,
G-3A,,
JPV-3,,
K-3,,
KBS-3A,,
KBS-3C,,
KBS-3E,,
TR-3,,
4,,
BC-4A,,
CHAKRA-4,,
CHAKRA-4A,,
G-4,,
HS-4,,
K-4,,
MF-4,,
TR-4,,
TR-4A,,
CS-5,,
JPV-5,,
K-5,,
KBS-5H,,
MF-5,,
MKT-5H,,
AS-6,,
BC-6,,
CHAKRA-6,,
CHAKRA-6A,,
CS-6,,
D-6,,
G-6,,
G-6A,,
K-6,,
MBS-6,,
MF-6,,
TR-6,,
7D,,
7F,,
7H,,
BC-7,,
BC-7B,,
CS-7,,
FDR-7,,
G-7,,
TR-7,,
BC-8A,,
CHAKRA-8,,
CHAKRA-8A,,
G-8,,
JPV-8,,
MBS-8,,
PK-8,,
AS-9,,
BC-9,,
BC-9B,,
CHAKRA-9,,
FDR-9,,
G-9,,
G-9A,,
KBS-9DH,,
MBS-9,,
10A,,
10J,,
Chakra-10,,
Chakra-10A,,
FDR-10,,
G-10,,
JPV-10,,
TR-10,,
FDR-11,,
FDR-11A,,
G-11,,
MBS-11,,
12,,
12B,,
12D,,
12E,,
12F,,
G-12,,
KBS-12HK,,
MKT-12HK,,
TR-12,,
TR-12A,,
13,,
13A,,
13B,,
13C,,
13D,,
13E,,
13F,,
13G,,
13H,,
13J,,
13K,,
13S,,
CS-13E,,
KBS-13K,,
PK-13E,,
SBS-13K,,
AS-14,,
MBS-14,,
PK-14,,
15A,,
15C,,
15E,,
15F,,
15G,,
15K,,
AS-15,,
CS-15A,,
MBS-17,,
18,,
PK-18,,
S-18,,
CS-20,,
21,,
CS-21,,
MBS-21,,
PK-21,,
22,,
CS-22,,
24A,,
24F,,
24H,,
CS-24,,
CS-24B,,
MBS-24,,
25,,
25A,,
25B,,
25C,,
25E,,
25K,,
25N,,
CS-25A,,
CS-25B,,
CS-25E,,
CS-25G,,
CS-25H,,
26,,
27,,
27A,,
27E,,
PHS-27,,
29,,
29A,,
29E,,
CS-29,,
JPV-29B,,
CS-30,,
31,,
31A,,
31E,,
3F-1,,
CS-31,,
32E,,
CS-32,,
33,,
34,,
34A,,
34B,,
34C,,
34S,,
35,,
3F-5,,
36,,
36A,,
36D,,
36F,,
36G,,
37,,
37A,,
37B,,
37D,,
37E,,
37F,,
CS-37,,
PK-37,,
CS-38,,
CS-39,,
PHS-41,,
43,,
43A,,
43B,,
43C,,
43D,,
43E,,
43H,,
43J,,
43M,,
45A,,
45B,,
45D,,
45E,,
45F,,
45G,,
45J,,
CS-45E,,
PK-45D,,
46,,
46-A,,
49,,
50,,
5F-1,,
52,,
52E,,
54E,,
55B,,
CS-55,,
56,,
57A,,
58,,
59B,,
59C,,
59D,,
59F,,
60-A,,
60A,,
60C,,
60E,,
60H,,
60J,,
60L,,
CS-60A,,
JPV-60A,,
61,,
61A,,
61C,,
61E,,
61F,,
61G,,
61J,,
61M,,
63,,
63B,,
63E,,
65B,,
66,,
68,,
74,,
CS-74,,
75B,,
75D,,
75E,,
75H,,
CS-75E,,
77,,
77B,,
77C,,
77D,,
77E,,
77F,,
CS-77E,,
78A,,
78E,,
79A,,
79B,,
79D,,
79E,,
79F,,
79G,,
79J,,
79K,,
80,,
80A,,
80B,,
80C,,
80D,,
80E,,
80F,,
80G,,
80H,,
80K,,
80R,,
CS-80A,,
JPV-80A,,
PK-80A,,
PK-81,,
82,,
82A,,
82AR,,
82C,,
CS-82,,
CS-82A,,
83,,
83C,,
83D,,
84,,
86E,,
87,,
87A,,
87B,,
87C,,
87S,,
88,,
88A,,
88E,,
89,,
89A,,
89B,,
89C,,
89D,,
89E,,
89F,,
89H,,
CS-89,,
90E,,
91D,,
CS-91D,,
92E,,
94B,,
94C,,
94D,,
94E,,
95,,
95A,,
95B,,
95C,,
95E,,
95G,,
CS-95,,
PK-95,,
96,,
96A,,
96B,,
96C,,
96E,,
96G,,
96H,,
CS-96B,,
PK-96E,,
98C,,
98E,,
98F,,
98G,,
99A,,
99B,,
100,,
PK-100E,,
104,,
CS-104,,
107C,,
108,,
108B,,
PK-108B,,
111,,
111A,,
111C,,
111E,,
CS-111,,
112,,
112A,,
114,,
114A,,
114B,,
114C,,
114D,,
114G,,
CS-114A,,
CS-114E,,
CS-115A,,
119,,
121A,,
12F-1,,
122,,
12F-2,,
123,,
12F-3,,
12F-4,,
125,,
125E,,
12F-5,,
126,,
126A,,
127,,
128,,
129,,
131,,
132,,
137,,
138,,
138A,,
CS-138,,
JPV-138,,
139,,
140,,
140A,,
140B,,
140E,,
141,,
141A,,
141E,,
141K,,
CS-141B,,
143,,
143A,,
143E,,
CS-143,,
144,,
144A,,
144E,,
144G,,
144H,,
144K,,
145,,
145A,,
146,,
146B,,
146E,,
CS-146D,,
150,,
CS-150,,
JPV-150,,
PK-150,,
152,,
154,,
155,,
161B,,
161D,,
163C,,
163F,,
163G,,
163K,,
164,,
165E,,
166,,
167,,
168A,,
168D,,
168E,,
169,,
171,,
171B,,
171C,,
171E,,
171F,,
171G,,
171H,,
171J,,
CS-171,,
JPV-171,,
174,,
176,,
176A,,
176C,,
176CA,,
176D,,
176G,,
177,,
180,,
181,,
181A,,
190,,
195,,
197,,
201,,
201D,,
201H,,
201HA,,
201J,,
201K,,
201L,,
201M,,
201MA,,
201MD,,
201MJ,,
201N,,
201Q,,
201RB,,
201S,,
201U,,
201V,,
CS-201,,
CS-201C,,
PK-201,,
210,,
210A,,
210B,,
210C,,
210CA,,
210D,,
210E,,
210FA,,
210G,,
210HA,,
210HB,,
210I,,
210J,,
210K,,
210KA,,
210N,,
210NA,,
210NB,,
210ND,,
210NG,,
210NH,,
210P,,
210Q,,
210R,,
210T,,
210U,,
210UB,,
210V,,
210W,,
210WA,,
210X,,
210Z,,
210ZA,,
CS-210A,,
211,,
211A,,
211AA,,
211C,,
211D,,
211DA,,
211E,,
211G,,
211H,,
211J,,
211K,,
211M,,
211N,,
211Q,,
211R,,
211RA,,
211T,,
211U,,
212,,
212C,,
212D,,
212F,,
212M,,
213,,
213A,,
213C,,
213D,,
213DC,,
213F,,
213H,,
213J,,
213K,,
213L,,
213M,,
213N,,
213P,,
213Q,,
213QA,,
213R,,
213T,,
214,,
214A,,
214B,,
214D,,
214E,,
214G,,
214H,,
214J,,
214K,,
214L,,
215,,
215A,,
215AB,,
215B,,
215BA,,
215BB,,
215C,,
215CA,,
215CD,,
215D,,
215E,,
215F,,
215H,,
215HA,,
215HB,,
215HC,,
215J,,
215K,,
215M,,
215MA,,
215MB,,
215N</p,,
215NA,,
215NB,,
215NC,,
215R,,
215T,,
215U,,
215W,,
215X,,
215Y,,
215Z,,
CS-215CA,,
CS-215N,,
216,,
216A,,
216B,,
217,,
217D,,
217E,,
218,,
218A,,
218B,,
219,,
219A,,
220D,,
220E,,
221,,
221B,,
221C,,
221D,,
221E,,
221F,,
221G,,
221H,,
221J,,
221K,,
221L,,
222,,
222A,,
222C,,
222F,,
222K,,
222M,,
222N,,
223A,,
223D,,
223E,,
223F,,
223G,,
223H,,
223J,,
223L,,
223N,,
223P,,
223PA,,
224,,
224A,,
224C,,
224D,,
224DA,,
224E,,
225,,
225A,,
225AB,,
225C,,
225CB,,
225CF,,
225D,,
225DA,,
225F,,
225H,,
225K,,
225S,,
226A,,
226B,,
226C,,
226E,,
226G,,
226J,,
226L,,
226M,,
226MB,,
226N,,
226NA,,
226Q,,
226R,,
226S,,
226SB,,
226T,,
226U,,
226V,,
226VA,,
226VB,,
226VC,,
226Y,,
227,,
227A,,
227B,,
227BA,,
227C,,
227CA,,
227D,,
227E,,
227F,,
227G,,
227H,,
227J,,
227K,,
227L,,
227M,,
227N,,
227NA,,
227Q,,
227R,,
227RC,,
227T,,
227U,,
227UB,,
227VA,,
227VB,,
227VC,,
227W,,
227Y,,
227Z,,
227ZA,,
228,,
228A,,
228B,,
228C,,
228E,,
228F,,
228J,,
229,,
229D,,
230,,
230A,,
230B,,
231A,,
231B,,
231C,,
231D,,
231E,,
231F,,
231G,,
231K,,
231P,,
234,,
234A,,
234E,,
234F,,
235,,
235A,,
235AA,,
235B,,
235D,,
235E,,
235F,,
235H,,
235K,,
235M,,
235P,,
235Q,,
CS-235N,,
237,,
237C,,
237D,,
237J,,
238,,
238A,,
238AB,,
238B,,
238C,,
238D,,
238F,,
238H,,
238K,,
238S,,
238SA,,
238U,,
238UB,,
238V,,
238VA,,
238VR,,
238W,,
238ZA,,
239B,,
240,,
240A,,
240BA,,
240C,,
240D,,
240DA,,
240E,,
240F,,
240H,,
240J,,
240K,,
240M,,
240N,,
240P,,
240R,,
241,,
241A,,
241B,,
241C,,
241CB,,
241D,,
241E,,
241G,,
241H,,
241K,,
241M,,
241N,,
241Q,,
241S,,
242,,
242AA,,
242AB,,
242B,,
242CB,,
242F,,
242FA,,
242FB,,
242G,,
242GA,,
242H,,
242J,,
242JA,,
242JK,,
242L,,
242LA,,
242M,,
242MA,,
242N,,
242P,,
242PA,,
242Q,,
242R,,
242RA,,
242T,,
242TA,,
242TB,,
242TC,,
242TD,,
242TE,,
242U,,
242VA,,
242W,,
242X,,
242Y,,
242Z,,
242ZB,,
242ZC,,
242ZD,,
243,,
243A,,
243B,,
243C,,
243D,,
243F,,
243G,,
243H,,
243J,,
243M,,
244A,,
244C,,
244F,,
244K,,
245,,
245A,,
245AA,,
245B,,
245C,,
245D,,
245DA,,
245E,,
245GA,,
245H,,
245J,,
245K,,
245M,,
245MA,,
245P,,
245Q,,
245R,,
246,,
246A,,
246B,,
247,,
248,,
248AN,,
248B,,
248BA,,
248BB,,
248C,,
248D,,
248F,,
248G,,
248J,,
248K,,
248L,,
248N,,
248P,,
248R,,
248T,,
248U,,
248V,,
248Y,,
248Z,,
250,,
250AB,,
250AC,,
250AD,,
250B,,
250BA,,
250CA,,
250CC,,
250D,,
250DA,,
250E,,
250F,,
250H,,
250M,,
250N,,
250P,,
250R,,
250S,,
250SA,,
250V,,
250Z,,
V-250I,,
251,,
251B,,
251C,,
251E,,
251G,,
251M,,
252,,
252A,,
252D,,
252E,,
252F,,
252FA,,
252FB,,
252GA,,
252H,,
252L,,
252PS,,
252R,,
252RA,,
CS-252G,,
253,,
253A,,
253D,,
253F,,
253G,,
253H,,
253HC,,
253HE,,
253J,,
253K,,
253M,,
253P,,
253R,,
253V,,
253W,,
254A,,
254C,,
254D,,
254E,,
255,,
255A,,
255AC,,
255C,,
255D,,
255E,,
255J,,
255K,,
255KA,,
255N,,
256B,,
256C,,
256F,,
256K,,
256M,,
256MA,,
257B,,
257D,,
257E,,
257G,,
257H,,
258,,
258A,,
258AB,,
258B,,
258BN,,
258C,,
258CB,,
258CC,,
258E,,
258G,,
258K,,
258M,,
258N,,
258P,,
258Q,,
258QA,,
258R,,
258S,,
258SA,,
258SD,,
258TA,,
258TB,,
258TC,,
258V,,
258VA,,
258VB,,
258VC,,
258VD,,
258VF,,
258VG,,
258WA,,
258X,,
258Y,,
258YA,,
259B,,
263,,
263A,,
263B,,
263C,,
263E,,
263G,,
263H,,
263J,,
264,,
264A,,
265,,
265A,,
265B,,
265D,,
265E,,
265F,,
266,,
266B,,
266E,,
266F,,
266G,,
266K,,
266M,,
266N,,
266Q,,
266R,,
266T,,
267,,
267A,,
269,,
269A,,
269B,,
270,,
270A,,
270D,,
270E,,
271,,
271A,,
271B,,
271C,,
271D,,
271E,,
271F,,
271G,,
271K,,
271N,,
271P,,
271Q,,
271R,,
271T,,
271TA,,
272B,,
272E,,
273,,
273B,,
273C,,
273E,,
273F,,
273H,,
273J,,
275,,
275A,,
275B,,
275C,,
276,,
276A,,
276C,,
276D,,
276E,,
276K,,
276P,,
277,,
278,,
278K,,
CS-278E,,
279,,
279A,,
279H,,
279K,,
CS-279J,,
280,,
280A,,
280C,,
280E,,
280F,,
280K,,
280L,,
280M,,
281,,
281A,,
281F,,
281G,,
282,,
282A,,
282B,,
282C,,
282F,,
282G,,
282H,,
283,,
283A,,
283B,,
283D,,
283E,,
284,,
284B,,
284C,,
284D,,
284E,,
284G,,
284H,,
284J,,
285,,
285A,,
285B,,
285C,,
285CA,,
285CC,,
285DA,,
285E,,
285F,,
285G,,
285H,,
285J,,
285JE,,
285K,,
285KA,,
285L,,
285M,,
285MA,,
285MC,,
285MF,,
285MG,,
285MK,,
285MP,,
285N,,
285P,,
285R,,
285RA,,
285RB,,
285V,,
285w,,
285X,,
285Y,,
JPV-285M,,
286,,
286A,,
286B,,
286D,,
286E,,
286F,,
286G,,
286H,,
287A,,
287C,,
287F,,
287G,,
287H,,
287J,,
287JA,,
287K,,
287L,,
287M,,
287N,,
287P,,
287Q,,
287R,,
287RA,,
287T,,
288,,
288A,,
288C,,
288D,,
288E,,
288F,,
288G,,
288H,,
288M,,
289,,
289A,,
289AB,,
289C,,
289CA,,
289D,,
289E,,
289F,,
289H,,
289K,,
289L,,
289LA,,
289M,,
289Z,,
290,,
290A,,
290B,,
290C,,
290D,,
290E,,
290EA,,
290EB,,
290F,,
290H,,
290HA,,
290J,,
290KA,,
290L,,
290N,,
290Q,,
290QA,,
290R,,
290RA,,
290S,,
290T,,
290Y,,
290Z,,
CS-290M,,
291,,
291A,,
291C,,
291D,,
291E,,
291G,,
291H,,
291J,,
291JA,,
291L,,
291M,,
291N,,
291P,,
291R,,
CS-291H,,
CS-291J,,
292,,
292B,,
292C,,
292D,,
292E,,
293,,
293A,,
293B,,
293C,,
293D,,
293E,,
293F,,
293G,,
293H,,
293J,,
293K,,
293L,,
293M,,
293P,,
293R,,
293S,,
CS-293R,,
294,,
294A,,
294B,,
294C,,
294D,,
294E,,
294F,,
294H,,
295,,
295A,,
295B,,
295C,,
295E,,
296A,,
296B,,
296C,,
296D,,
296F,,
296N,,
296Q,,
296T,,
296V,,
297,,
297A,,
297F,,
297G,,
297H,,
298A,,
298C,,
298E,,
298H,,
298M,,
298MA,,
298MB,,
298MC,,
298ME,,
298MG,,
298MH,,
298MK,,
298MS,,
298P,,
298PA,,
298PB,,
298PC,,
300,,
300A,,
300B,,
300C,,
300D,,
300DA,,
300E,,
300F,,
300H,,
300J,,
300K,,
300L,,
300P,,
300T,,
300V,,
CS-300E,,
PK-300H,,
301,,
301A,,
301D,,
301E,,
301F,,
301G,,
301R,,
CS-301G,,
302,,
302A,,
302B,,
302D,,
302E,,
302F,,
302G,,
302GA,,
302J,,
302M,,
302N,,
CS-302N,,
303,,
303B,,
303C,,
303E,,
303F,,
303G,,
304,,
304A,,
304B,,
304C,,
304D,,
304E,,
304F,,
304H,,
304J,,
304K,,
304L,,
304MC,,
304N,,
304P,,
304Q,,
304R,,
304S,,
304T,,
304V,,
304X,,
304Z,,
305,,
305A,,
305B,,
305D,,
305F,,
305G,,
305H,,
305J,,
305K,,
305L,,
305M,,
305N,,
305NT,,
305P,,
305Q,,
305R,,
305S,,
305V,,
306,,
306A,,
306B,,
306C,,
306D,,
306E,,
306F,,
306G,,
306H,,
306J,,
306K,,
306L,,
306M,,
306MA,,
306P,,
306Q,,
306RA,,
306S,,
306T,,
307,,
307B,,
307C,,
308,,
308A,,
308B,,
309,,
310,,
310A,,
310B,,
310E,,
311,,
311C,,
311E,,
311F,,
311J,,
311K,,
312,,
312A,,
313A,,
313B,,
313C,,
313D,,
313E,,
313F,,
313G,,
313J,,
313K,,
313L,,
313P,,
313T,,
314,,
314A,,
314B,,
314BM,,
314D,,
314E,,
314F,,
314FA,,
314G,,
314H,,
314M,,
314T,,
314X,,
JPV-314A,,
315,,
315C,,
315D,,
315DN,,
315E,,
315F,,
315J,,
315K,,
315L,,
315P,,
315T,,
315U,,
315V,,
316,,
316A,,
316B,,
316C,,
316D,,
316E,,
316F,,
316G,,
316J,,
316K,,
316L,,
316M,,
316N,,
316Q,,
316R,,
316T,,
316U,,
316V,,
316Y,,
317B,,
317C,,
317D,,
317E,,
317G,,
317J,,
317K,,
317M,,
317MA,,
317N,,
317Q,,
317QK,,
317R,,
317S,,
317SA,,
317T,,
317TD,,
317V,,
317W,,
317Y,,
317YA,,
317YB,,
317Z,,
318,,
318A,,
318E,,
319,,
319C,,
319F,,
319G,,
319J,,
319K,,
320,,
320A,,
320C,,
320D,,
320E,,
320H,,
320J,,
321,,
321C,,
321D,,
321E,,
321G,,
322,,
322A,,
322C,,
322M,,
323,,
323A,,
323AK,,
323B,,
323C,,
323D,,
323E,,
323F,,
323G,,
323H,,
323J,,
323L,,
323M,,
323N,,
324,,
324A,,
324B,,
324C,,
324E,,
325,,
326C,,
326E,,
327,,
327A,,
327B,,
327C,,
327E,,
327F,,
327G,,
327H,,
327K,,
328,,
328A,,
328E,,
328F,,
328G,,
328H,,
328HB,,
328HC,,
328HD,,
328M,,
329,,
329A,,
329B,,
329C,,
329D,,
329E,,
329F,,
329G,,
329H,,
329J,,
329L,,
329M,,
330,,
330A,,
330C,,
330D,,
330E,,
330G,,
330H,,
330M,,
330P,,
330PG,,
332,,
333,,
333C,,
333D,,
333E,,
333F,,
333H,,
333K,,
333L,,
333Q,,
CS-333,,
CS-333E,,
334B,,
334E,,
334EA,,
335A,,
335B,,
335C,,
335D,,
335F,,
335G,,
335HD,,
335M,,
335N,,
335P,,
335R,,
335S,,
335SA,,
PK-335A,,
336,,
336A,,
336B,,
337,,
338,,
339A,,
340,,
340A,,
340AA,,
340F,,
340G,,
340J,,
340K,,
340L,,
JPV-340H,,
341,,
341A,,
341B,,
341C,,
341D,,
341E,,
PK-341G,,
342,,
342A,,
342AA,,
342B,,
342C,,
342E,,
342F,,
342G,,
342H,,
342J,,
342JB,,
342K,,
342L,,
342M,,
342MA,,
342N,,
342Q,,
342R,,
342S,,
342SH,,
342T,,
342TA,,
342U,,
342V,,
342W,,
342WA,,
342X,,
342Y,,
342Z,,
343,,
343A,,
343B,,
343D,,
343E,,
343F,,
343H,,
343K,,
343L,,
343M,,
343N,,
344A,,
344B,,
344C,,
344D,,
344E,,
345,,
345A,,
345C,,
345E,,
346A,,
346B,,
346C,,
346CJ,,
346CK,,
346D,,
346E,,
346F,,
346G,,
346H,,
346J,,
346K,,
346N,,
346P,,
346V,,
347,,
347B,,
347C,,
347D,,
347E,,
347F,,
347G,,
347HD,,
347K,,
347L,,
347M,,
348,,
348A,,
348B,,
348C,,
348E,,
348G,,
348H,,
348J,,
CS-348D,,
349,,
349A,,
349B,,
349C,,
349D,,
349E,,
349F,,
349J,,
349K,,
349L,,
349M,,
350,,
350A,,
350B,,
350D,,
350G,,
351,,
351A,,
351C,,
351H,,
351J,,
352,,
352A,,
352B,,
352E,,
353,,
353A,,
353B,,
353C,,
353E,,
354,,
354A,,
354B,,
354C,,
355,,
355A,,
355D,,
355E,,
355Q,,
356,,
356A,,
356B,,
356CB,,
356CE,,
356CN,,
356CW,,
356D,,
356F,,
356H,,
356J,,
356M,,
356Z,,
357,,
357A,,
358,,
358A,,
359,,
359A,,
360,,
360A,,
360C,,
360E,,
360H,,
360J,,
360K,,
360N,,
360P,,
360Q,,
361,,
361A,,
361C,,
361D,,
361K,,
362,,
362C,,
362CA,,
362D,,
362K,,
364A,,
364B,,
364C,,
364D,,
364E,,
364F,,
364FA,,
364G,,
CS-364H,,
365,,
365B,,
365C,,
365D,,
365E,,
365F,,
365H,,
365J,,
365K,,
365N,,
365P,,
365Q,,
365R,,
365S,,
365W,,
366,,
366A,,
366AA,,
366BA,,
366C,,
366D,,
366EA,,
366F,,
366G,,
366KA,,
366L,,
366M,,
366MA,,
366N,,
366Q,,
366QA,,
366R,,
366T,,
366W,,
366X,,
366Z,,
367,,
367C,,
367D,,
367F,,
368,,
368C,,
368D,,
368E,,
368F,,
368H,,
369,,
369A,,
369B,,
369C,,
369CA,,
369D,,
369E,,
369F,,
369G,,
369H,,
369J,,
369N,,
369P,,
369Q,,
369R,,
370,,
370A,,
370B,,
370D,,
370E,,
371A,,
371D,,
372,,
372A,,
372B,,
372C,,
372E,,
372F,,
372G,,
372H,,
372J,,
372M,,
372MA,,
373M,,
CS-373B,,
374,,
374C,,
374M,,
374MA,,
374N,,
375,,
375B,,
375C,,
375D,,
375E,,
375G,,
375GA,,
375H,,
375J,,
377,,
377A,,
377B,,
378,,
378A,,
378B,,
378D,,
378F,,
378G,,
378M,,
380,,
380B,,
380C,,
380E,,
380F,,
380G,,
380N,,
381,,
381A,,
381C,,
381D,,
381E,,
381F,,
381G,,
381H,,
381K,,
382,,
382A,,
382B,,
382C,,
382D,,
382M,,
383,,
383A,,
383C,,
383D,,
390,,
398B,,
398H,,
399,,
399A,,
399C,,
399E,,
399F,,
400A,,
401,,
401A,,
401AB,,
401AF,,
401AG,,
401AM,,
401B,,
401BA,,
401BC,,
401BK,,
401BR,,
401C,,
401E,,
401EA,,
401F,,
401H,,
401J,,
401JC,,
401K,,
401KB,,
401KC,,
401KM,,
401L,,
401M,,
401MA,,
401MC,,
401MD,,
401MN,,
401R,,
401RC,,
401RF,,
401T,,
401Y,,
402,,
402A,,
402B,,
402C,,
402D,,
402M,,
404C,,
404E,,
406,,
407,,
407D,,
407F,,
408,,
410,,
410A,,
410D,,
410F,,
410FA,,
410FB,,
410G,,
410J,,
410M,,
410N,,
410PS,,
411,,
411A,,
411D,,
411J,,
412,,
412A,,
414,,
415,,
415A,,
415B,,
415E,,
415F,,
415G,,
415H,,
415J,,
443A,,
500,,
500A,,
500AA,,
500AB,,
500B,,
500BA,,
500C,,
500CA,,
500CF,,
500CT,,
500D,,
500DB,,
500DC,,
500DH,,
500DM,,
500DS,,
500F,,
500G,,
500H,,
500L,,
500Q,,
500QD,,
500QG,,
500QK,,
500T,,
500TA,,
500Y,,
JPV-500C,,
501,,
501A,,
501B,,
501BH,,
501C,,
501F,,
501GA,,
501L,,
501N,,
502,,
502A,,
502B,,
502C,,
502D,,
502DA,,
502E,,
502F,,
502FA,,
502FB,,
502H,,
502HA,,
502HB,,
502HC,,
502HE,,
502J,,
502K,,
502L,,
502M,,
502V,,
CR-502J,,
503A,,
504C,,
504E,,
505C,,
505E,,
506,,
506A,,
507,,
507A,,
507B,,
507C,,
507D,,
507PS,,
510A,,
600,,
600C,,
600CA,,
600CB,,
600CF,,
600CH,,
600D,,
600F,,
600FA,,
600FB,,
600FC,,
600FD,,
600G,,
600KA,,
600KB,,
600KD,,
600Q,,
600QA,,
601,,
